{
    "x":[0.0125,0.025,0.0375,0.05,0.0625,0.075,0.0875,0.1,0.1125,0.125,0.1375,0.15,0.1625,0.175,0.1875,0.2,0.2125,0.225,0.2375,0.25,0.2625,0.275,0.2875,0.3,0.3125,0.325,0.3375,0.35,0.3625,0.375,0.3875,0.4,0.4125,0.425,0.4375,0.45,0.4625,0.475,0.4875,0.5,0.5125,0.525,0.5375,0.55,0.5625,0.575,0.5875,0.6,0.6125,0.625,0.6375,0.65,0.6625,0.675,0.6875,0.7,0.7125,0.725,0.7375,0.75,0.7625,0.775,0.7875,0.8,0.8125,0.825,0.8375,0.85,0.8625,0.875,0.8875,0.9,0.9125,0.925,0.9375,0.95,0.9625,0.975,0.9875,1,1.0125,1.025,1.0375,1.05,1.0625,1.075,1.0875,1.1,1.1125,1.125,1.1375,1.15,1.1625,1.175,1.1875,1.2,1.2125,1.225,1.2375,1.25,1.2625,1.275,1.2875,1.3,1.3125,1.325,1.3375,1.35,1.3625,1.375,1.3875,1.4,1.4125,1.425,1.4375,1.45,1.4625,1.475,1.4875,1.5,1.5125,1.525,1.5375,1.55,1.5625,1.575,1.5875,1.6,1.6125,1.625,1.6375,1.65,1.6625,1.675,1.6875,1.7,1.7125,1.725,1.7375,1.75,1.7625,1.775,1.7875,1.8,1.8125,1.825,1.8375,1.85,1.8625,1.875,1.8875,1.9,1.9125,1.925,1.9375,1.95,1.9625,1.975,1.9875,2,2.0125,2.025,2.0375,2.05,2.0625,2.075,2.0875,2.1,2.1125,2.125,2.1375,2.15,2.1625,2.175,2.1875,2.2,2.2125,2.225,2.2375,2.25,2.2625,2.275,2.2875,2.3,2.3125,2.325,2.3375,2.35,2.3625,2.375,2.3875,2.4,2.4125,2.425,2.4375,2.45,2.4625,2.475,2.4875,2.5,2.5125,2.525,2.5375,2.55,2.5625,2.575,2.5875,2.6,2.6125,2.625,2.6375,2.65,2.6625,2.675,2.6875,2.7,2.7125,2.725,2.7375,2.75,2.7625,2.775,2.7875,2.8,2.8125,2.825,2.8375,2.85,2.8625,2.875,2.8875,2.9,2.9125,2.925,2.9375,2.95,2.9625,2.975,2.9875,3],
    "y":[0.00428447,0.00993784,0.01593316,0.02197733,0.02801157,0.03400296,0.03991883,0.04574718,0.05152513,0.05724615,0.06288616,0.06844456,0.07386879,0.07919534,0.08444165,0.08966797,0.09488158,0.10005222,0.1051433,0.11016221,0.11510247,0.11998179,0.12481652,0.12955848,0.13424283,0.13881649,0.14333018,0.14775447,0.15214898,0.15655784,0.16076457,0.16485414,0.16883216,0.17269126,0.17642207,0.18008695,0.183566,0.18690827,0.19016101,0.19341457,0.19651845,0.19957711,0.20259308,0.20542319,0.20811286,0.21064835,0.21300467,0.21531324,0.21752756,0.21962071,0.22160277,0.22359946,0.22558191,0.22764369,0.2295187,0.23123841,0.23280604,0.23425016,0.23541989,0.23639218,0.23733343,0.23824162,0.23903435,0.23976377,0.24037491,0.24095014,0.24154629,0.24199783,0.24242267,0.24263809,0.24263272,0.2426941,0.24266789,0.24258233,0.24249891,0.24240348,0.24236515,0.24246707,0.24257501,0.24263778,0.24263559,0.24253964,0.24224397,0.24189864,0.24158171,0.24122563,0.24070113,0.24007969,0.23943191,0.23885666,0.23839824,0.23812973,0.23791647,0.23768129,0.23731637,0.23670232,0.23599923,0.2354756,0.23507007,0.23468777,0.23429417,0.23382051,0.23302759,0.23231112,0.23170252,0.23130253,0.2309498,0.23071622,0.23048645,0.23043997,0.23018848,0.22951646,0.22890196,0.22860611,0.22844806,0.22820226,0.22758299,0.22669089,0.22570366,0.22487742,0.22430957,0.22385712,0.22341758,0.22296497,0.22244954,0.22185269,0.22073075,0.21953534,0.21843657,0.21756858,0.21683434,0.21615991,0.21552074,0.21497482,0.21452231,0.21437783,0.21443249,0.2146476,0.21503218,0.21508838,0.21478914,0.21411626,0.21325966,0.21236103,0.21160525,0.21102755,0.21037856,0.20950806,0.20880062,0.20809215,0.20743334,0.2070282,0.20680123,0.20663098,0.20633859,0.20595875,0.20587897,0.20592217,0.20555788,0.20498323,0.20441908,0.20390897,0.20347408,0.20298546,0.20245124,0.20192894,0.20140005,0.20089213,0.20040561,0.20002121,0.19968968,0.19946131,0.19922648,0.19899257,0.19912345,0.19903486,0.19879569,0.19852836,0.19825557,0.19800383,0.19785321,0.19769137,0.19753189,0.19744467,0.19724325,0.19691891,0.19659303,0.19639147,0.19618875,0.19602068,0.19590235,0.19582001,0.19583525,0.19590523,0.19590226,0.19575135,0.19553798,0.19536233,0.19530259,0.19532534,0.19533665,0.19538101,0.19534422,0.1953027,0.19528327,0.19520158,0.19512897,0.19502363,0.19495277,0.19492326,0.19491338,0.19489903,0.19498216,0.19512246,0.19515541,0.19511117,0.19499951,0.19490998,0.19487981,0.19490851,0.19503012,0.19513688,0.19526228,0.19530211,0.19533138,0.19538504,0.1954685,0.19552929,0.19555141,0.19558424,0.19563003,0.1957067,0.19576655,0.19594185,0.19602525,0.19600552,0.19589197,0.19580386,0.19576509,0.19576892],
    "type":"scatter","name":"FreeLIFE","mode":"lines+points","marker":{"color":"green"}
}