{
    "x":[0.0125,0.025,0.0375,0.05,0.0625,0.075,0.0875,0.1,0.1125,0.125,0.1375,0.15,0.1625,0.175,0.1875,0.2,0.2125,0.225,0.2375,0.25,0.2625,0.275,0.2875,0.3,0.3125,0.325,0.3375,0.35,0.3625,0.375,0.3875,0.4,0.4125,0.425,0.4375,0.45,0.4625,0.475,0.4875,0.5,0.5125,0.525,0.5375,0.55,0.5625,0.575,0.5875,0.6,0.6125,0.625,0.6375,0.65,0.6625,0.675,0.6875,0.7,0.7125,0.725,0.7375,0.75,0.7625,0.775,0.7875,0.8,0.8125,0.825,0.8375,0.85,0.8625,0.875,0.8875,0.9,0.9125,0.925,0.9375,0.95,0.9625,0.975,0.9875,1,1.0125,1.025,1.0375,1.05,1.0625,1.075,1.0875,1.1,1.1125,1.125,1.1375,1.15,1.1625,1.175,1.1875,1.2,1.2125,1.225,1.2375,1.25,1.2625,1.275,1.2875,1.3,1.3125,1.325,1.3375,1.35,1.3625,1.375,1.3875,1.4,1.4125,1.425,1.4375,1.45,1.4625,1.475,1.4875,1.5,1.5125,1.525,1.5375,1.55,1.5625,1.575,1.5875,1.6,1.6125,1.625,1.6375,1.65,1.6625,1.675,1.6875,1.7,1.7125,1.725,1.7375,1.75,1.7625,1.775,1.7875,1.8,1.8125,1.825,1.8375,1.85,1.8625,1.875,1.8875,1.9,1.9125,1.925,1.9375,1.95,1.9625,1.975,1.9875,2,2.0125,2.025,2.0375,2.05,2.0625,2.075,2.0875,2.1,2.1125,2.125,2.1375,2.15,2.1625,2.175,2.1875,2.2,2.2125,2.225,2.2375,2.25,2.2625,2.275,2.2875,2.3,2.3125,2.325,2.3375,2.35,2.3625,2.375,2.3875,2.4,2.4125,2.425,2.4375,2.45,2.4625,2.475,2.4875,2.5,2.5125,2.525,2.5375,2.55,2.5625,2.575,2.5875,2.6,2.6125,2.625,2.6375,2.65,2.6625,2.675,2.6875,2.7,2.7125,2.725,2.7375,2.75,2.7625,2.775,2.7875,2.8,2.8125,2.825,2.8375,2.85,2.8625,2.875,2.8875,2.9,2.9125,2.925,2.9375,2.95,2.9625,2.975,2.9875,3],
    "y":[0.00375825,0.01013411,0.01766991,0.02552005,0.03333525,0.04099243,0.04850974,0.05588728,0.06313313,0.07026202,0.07717072,0.08388579,0.09054817,0.09717933,0.10383335,0.11046653,0.11704588,0.12353486,0.12989579,0.13616156,0.14231197,0.1483819,0.15433631,0.15987362,0.16534651,0.17089636,0.17637578,0.18105394,0.18573648,0.19052053,0.19525533,0.19982211,0.20423356,0.20855426,0.21276597,0.21681189,0.22076794,0.2241925,0.22759072,0.23096571,0.23370802,0.23633977,0.23830922,0.24037153,0.24250752,0.24451202,0.24635959,0.24799739,0.24956056,0.25127698,0.25309018,0.25350866,0.25351209,0.2537364,0.25415704,0.25446154,0.25472036,0.25498004,0.25530549,0.25569518,0.25605866,0.25628906,0.2559162,0.2554795,0.25513651,0.25457848,0.25379859,0.25302632,0.2515688,0.25022511,0.24917623,0.24817832,0.2472978,0.24650674,0.24576402,0.24500375,0.2442972,0.24355311,0.24264188,0.24178072,0.24102101,0.24032931,0.2397462,0.23914795,0.23852433,0.23799132,0.23755447,0.23725649,0.23628121,0.2351802,0.23422768,0.23332344,0.23255157,0.2318671,0.23128066,0.23071738,0.23024735,0.22974215,0.22931701,0.22900904,0.22871433,0.2284518,0.2282586,0.22781399,0.22741078,0.22710103,0.2269202,0.2268551,0.22690619,0.22704372,0.22727435,0.22749155,0.22768898,0.22772478,0.22770962,0.22773888,0.22794151,0.22825817,0.22862397,0.22900606,0.22890876,0.2282711,0.22779537,0.22763218,0.22770804,0.22789957,0.22817068,0.22852029,0.22900272,0.22939967,0.22959672,0.229668,0.22971866,0.22985553,0.23003148,0.23040736,0.23089431,0.23143572,0.23206928,0.23282795,0.23378728,0.23481292,0.23595115,0.2371487,0.23824621,0.23882451,0.23939527,0.23967075,0.23939312,0.23918012,0.23894267,0.23847977,0.23813415,0.23804158,0.23821725,0.2386532,0.23905971,0.23951486,0.2397013,0.23944452,0.23820016,0.2364468,0.2343026,0.2324673,0.23094015,0.22960481,0.22841346,0.22732871,0.22635137,0.22446701,0.22258765,0.22106395,0.2199208,0.21899024,0.21802428,0.21715427,0.21641152,0.21580224,0.21517757,0.21386262,0.21218124,0.21075684,0.20970003,0.20877477,0.20779216,0.20693939,0.20605639,0.205315,0.20462049,0.20397928,0.20325823,0.20244459,0.20174813,0.20108564,0.20039861,0.19968553,0.19921782,0.19868904,0.19801192,0.19711437,0.19623483,0.19544221,0.1946175,0.19397246,0.19336744,0.19291712,0.19255506,0.19221399,0.19182537,0.19134737,0.19096716,0.19068109,0.19045852,0.19028429,0.19006985,0.18974671,0.18941795,0.18923134,0.18924007,0.18936459,0.18946893,0.18961331,0.18967608,0.18967596,0.1897095,0.18971323,0.18970233,0.18969621,0.189855,0.19010588,0.19038203,0.19056825,0.19052066,0.1903774,0.1902416,0.19023057,0.19012059,0.19004568,0.18996618,0.18999099],
    "type":"scatter","mode":"lines+points","name":"FreeLIFE","marker":{"color":"green"}
}