{
    "x":[0.0125,0.025,0.0375,0.05,0.0625,0.075,0.0875,0.1,0.1125,0.125,0.1375,0.15,0.1625,0.175,0.1875,0.2,0.2125,0.225,0.2375,0.25,0.2625,0.275,0.2875,0.3,0.3125,0.325,0.3375,0.35,0.3625,0.375,0.3875,0.4,0.4125,0.425,0.4375,0.45,0.4625,0.475,0.4875,0.5,0.5125,0.525,0.5375,0.55,0.5625,0.575,0.5875,0.6,0.6125,0.625,0.6375,0.65,0.6625,0.675,0.6875,0.7,0.7125,0.725,0.7375,0.75,0.7625,0.775,0.7875,0.8,0.8125,0.825,0.8375,0.85,0.8625,0.875,0.8875,0.9,0.9125,0.925,0.9375,0.95,0.9625,0.975,0.9875,1,1.0125,1.025,1.0375,1.05,1.0625,1.075,1.0875,1.1,1.1125,1.125,1.1375,1.15,1.1625,1.175,1.1875,1.2,1.2125,1.225,1.2375,1.25,1.2625,1.275,1.2875,1.3,1.3125,1.325,1.3375,1.35,1.3625,1.375,1.3875,1.4,1.4125,1.425,1.4375,1.45,1.4625,1.475,1.4875,1.5,1.5125,1.525,1.5375,1.55,1.5625,1.575,1.5875,1.6,1.6125,1.625,1.6375,1.65,1.6625,1.675,1.6875,1.7,1.7125,1.725,1.7375,1.75,1.7625,1.775,1.7875,1.8,1.8125,1.825,1.8375,1.85,1.8625,1.875,1.8875,1.9,1.9125,1.925,1.9375,1.95,1.9625,1.975,1.9875,2,2.0125,2.025,2.0375,2.05,2.0625,2.075,2.0875,2.1,2.1125,2.125,2.1375,2.15,2.1625,2.175,2.1875,2.2,2.2125,2.225,2.2375,2.25,2.2625,2.275,2.2875,2.3,2.3125,2.325,2.3375,2.35,2.3625,2.375,2.3875,2.4,2.4125,2.425,2.4375,2.45,2.4625,2.475,2.4875,2.5,2.5125,2.525,2.5375,2.55,2.5625,2.575,2.5875,2.6,2.6125,2.625,2.6375,2.65,2.6625,2.675,2.6875,2.7,2.7125,2.725,2.7375,2.75,2.7625,2.775,2.7875,2.8,2.8125,2.825,2.8375,2.85,2.8625,2.875,2.8875,2.9,2.9125,2.925,2.9375,2.95,2.9625,2.975,2.9875,3],"y":[0.50029977,0.50059445,0.50094134,0.50132229,0.50173793,0.50219536,0.50270988,0.50329001,0.50393609,0.50463564,0.50540822,0.50629102,0.50726028,0.50827889,0.50939994,0.51060183,0.51187465,0.51319621,0.51460091,0.51607959,0.51760338,0.51920873,0.52084606,0.52261806,0.52447203,0.52639503,0.52835553,0.53047148,0.53268487,0.53492481,0.53721199,0.53953095,0.54185809,0.5442042,0.54661708,0.54903094,0.55141008,0.55390046,0.55643383,0.55899865,0.56166114,0.56433802,0.56713295,0.56995898,0.57280364,0.57567018,0.57848834,0.58129352,0.58412874,0.5869309,0.58976779,0.59278528,0.5958367,0.59884804,0.60192063,0.6049796,0.60802102,0.61102415,0.61395438,0.61685516,0.6197628,0.62262048,0.62556048,0.62852515,0.6314937,0.63444453,0.63741545,0.64041577,0.64344431,0.64647537,0.6494895,0.65250048,0.65548761,0.65844682,0.66138118,0.66428457,0.66720816,0.67009068,0.6729526,0.67579344,0.67864175,0.6814615,0.68426456,0.68708295,0.68987912,0.6926786,0.69545323,0.69820433,0.70104497,0.70389089,0.70673048,0.70955068,0.71233431,0.7150977,0.71784716,0.72052977,0.72323982,0.72597917,0.72868766,0.73142803,0.73415694,0.73687879,0.73961603,0.74236011,0.74511393,0.74784225,0.75055935,0.75324094,0.75590051,0.75855643,0.76118918,0.76368088,0.76625309,0.76884104,0.77142337,0.77400855,0.77660737,0.77921553,0.78183497,0.78441569,0.78700466,0.78970107,0.7924345,0.79516671,0.79789412,0.80061799,0.80333212,0.80604869,0.80873679,0.81136839,0.81392978,0.81651573,0.81909016,0.8216935,0.82430587,0.82693538,0.82957617,0.83223475,0.83491648,0.83759052,0.84028763,0.84297109,0.84565431,0.84827374,0.85092898,0.8536961,0.85659567,0.8595656,0.86237142,0.86521062,0.86803452,0.87079221,0.87357056,0.8763466,0.87910438,0.88188042,0.88454577,0.8872814,0.89010659,0.89295253,0.89584698,0.89865438,0.90140605,0.90408069,0.90677427,0.90943415,0.9120441,0.91454047,0.91705636,0.91963881,0.92216497,0.92465424,0.92713662,0.92959604,0.93208098,0.93460137,0.93710626,0.93962907,0.94213607,0.94454545,0.94686767,0.94928192,0.95175598,0.95419552,0.95658135,0.95906233,0.96149684,0.96390362,0.96626292,0.96866043,0.97101373,0.97344926,0.97587428,0.97818761,0.98060912,0.98297106,0.98535947,0.9877388,0.99013735,0.99258708,0.99496703,0.99731747,0.99964829,1.00193168,1.00422254,1.00650646,1.00878149,1.01102677,1.01326335,1.01553763,1.01781773,1.02011571,1.02242243,1.02472452,1.02708509,1.02945769,1.03185928,1.03417353,1.03651431,1.03889608,1.04121732,1.04358411,1.04587938,1.04816985,1.05044437,1.05266402,1.0549038,1.05712406,1.05935466,1.0616051,1.06387585,1.06617355,1.06848087,1.07073677,1.07296108,1.07528783,1.07754387,1.07981792,1.08203079,1.08426084],"type":"scatter","mode":"lines+points","name":"FreeLIFE","marker":{"color":"green"}
}