{
"x":[0.0125,0.025,0.0375,0.05,0.0625,0.075,0.0875,0.1,0.1125,0.125,0.1375,0.15,0.1625,0.175,0.1875,0.2,0.2125,0.225,0.2375,0.25,0.2625,0.275,0.2875,0.3,0.3125,0.325,0.3375,0.35,0.3625,0.375,0.3875,0.4,0.4125,0.425,0.4375,0.45,0.4625,0.475,0.4875,0.5,0.5125,0.525,0.5375,0.55,0.5625,0.575,0.5875,0.6,0.6125,0.625,0.6375,0.65,0.6625,0.675,0.6875,0.7,0.7125,0.725,0.7375,0.75,0.7625,0.775,0.7875,0.8,0.8125,0.825,0.8375,0.85,0.8625,0.875,0.8875,0.9,0.9125,0.925,0.9375,0.95,0.9625,0.975,0.9875,1,10.0125,10.025,10.0375,10.05,10.0625,10.075,10.0875,10.1,10.1125,10.125,10.1375,10.15,10.1625,10.175,10.1875,10.2,10.2125,10.225,10.2375,10.25,10.2625,10.275,10.2875,10.3,10.3125,10.325,10.3375,10.35,10.3625,10.375,10.3875,10.4,10.4125,10.425,10.4375,10.45,10.4625,10.475,10.4875,10.5,10.5125,10.525,10.5375,10.55,10.5625,10.575,10.5875,10.6,10.6125,10.625,10.6375,10.65,10.6625,10.675,10.6875,10.7,10.7125,10.725,10.7375,10.75,10.7625,10.775,10.7875,10.8,10.8125,10.825,10.8375,10.85,10.8625,10.875,10.8875,10.9,10.9125,10.925,10.9375,10.95,10.9625,10.975,10.9875,2,20.0125,20.025,20.0375,20.05,20.0625,20.075,20.0875,20.1,20.1125,20.125,20.1375,20.15,20.1625,20.175,20.1875,20.2,20.2125,20.225,20.2375,20.25,20.2625,20.275,20.2875,20.3,20.3125,20.325,20.3375,20.35,20.3625,20.375,20.3875,20.4,20.4125,20.425,20.4375,20.45,20.4625,20.475,20.4875,20.5,20.5125,20.525,20.5375,20.55,20.5625,20.575,20.5875,20.6,20.6125,20.625,20.6375,20.65,20.6625,20.675,20.6875,20.7,20.7125,20.725,20.7375,20.75,20.7625,20.775,20.7875,20.8,20.8125,20.825,20.8375,20.85,20.8625,20.875,20.8875,20.9,20.9125,20.925,20.9375,20.95,20.9625,20.975,20.9875,3],
"y":[0.99962737,0.99956465,0.99952794,0.9994988,0.99948314,0.99947897,0.99947594,0.99947205,0.99946631,0.9994748,0.99949878,0.99946985,0.9994602,0.99945479,0.99945007,0.99945424,0.9994793,0.99945085,0.99944532,0.99946691,0.99943949,0.99945355,0.99945154,0.99944203,0.99945728,0.99942747,0.99941401,0.99939971,0.99942572,0.9994341,0.99940165,0.99939668,0.99939075,0.99939787,0.99933877,0.99932311,0.9992422,0.99910445,0.99901798,0.99896238,0.99881719,0.99868766,0.99862987,0.99851112,0.99838289,0.9981721,0.99795533,0.99774351,0.99744348,0.9971789,0.9967777,0.99637901,0.99593702,0.99551692,0.9951169,0.99471891,0.99426638,0.99375352,0.99321454,0.9925681,0.99191264,0.99115491,0.99035876,0.98951014,0.98856109,0.98767379,0.98679684,0.98594594,0.98500003,0.98399485,0.98302993,0.98188529,0.98056806,0.97922432,0.97780542,0.97632483,0.97485484,0.97343703,0.97183009,0.9703261,0.96876083,0.96715935,0.9655636,0.9639951,0.962741,0.96108884,0.95972565,0.95837765,0.95682978,0.95529023,0.95382188,0.9523524,0.95087015,0.94938782,0.94758136,0.94586971,0.94420625,0.94256956,0.94100057,0.9395319,0.9384895,0.93703966,0.93625235,0.93561722,0.93513789,0.93401524,0.93287368,0.93179528,0.93081481,0.93008023,0.92909576,0.9283035,0.92750252,0.92660824,0.92575349,0.92521255,0.92454918,0.9239643,0.92304534,0.92186597,0.92054429,0.91926204,0.91816555,0.91731416,0.91717415,0.91643918,0.91633585,0.91635634,0.91595291,0.91498709,0.91398838,0.91315936,0.91266544,0.91159294,0.91102454,0.91039743,0.90967459,0.90894859,0.90873335,0.90866995,0.90906861,0.90907927,0.90875444,0.90813853,0.90740592,0.90663039,0.90600066,0.90649495,0.90624005,0.90710237,0.90840797,0.90829484,0.90764113,0.90694802,0.90649469,0.90663415,0.90706688,0.90745323,0.90853699,0.90916901,0.90898642,0.90859105,0.90821158,0.90814006,0.90814765,0.90845389,0.90937167,0.91039835,0.91088186,0.91057686,0.91017533,0.90982851,0.90969966,0.91019813,0.9101332,0.91087734,0.91176532,0.91226007,0.91216817,0.9119585,0.91181113,0.91190018,0.9120527,0.91238092,0.91314194,0.91405366,0.91451891,0.91435491,0.91407434,0.91384208,0.91370514,0.91382088,0.91400741,0.91428905,0.91499696,0.91544097,0.91539619,0.91519404,0.915024,0.91493206,0.91502726,0.91513739,0.91579787,0.91638938,0.91683075,0.9171935,0.91706936,0.91683303,0.91660788,0.91644571,0.91632926,0.91648271,0.91672297,0.91703796,0.91764416,0.9179724,0.91783807,0.91763465,0.91746223,0.91737566,0.91739913,0.91774121,0.91792176,0.91864632,0.91916289,0.91910006,0.91886333,0.91858425,0.91834671,0.91815145,0.91802769,0.91792246,0.91826146,0.9184048,0.91898876,0.91936211,0.91921353,0.91895928,0.9187488,0.91856841],
"type":"scatter","name":"FreeLIFE","mode":"lines+points","marker":{"color":"green"}
}