{
    "x":[0.0125,0.025,0.0375,0.05,0.0625,0.075,0.0875,0.1,0.1125,0.125,0.1375,0.15,0.1625,0.175,0.1875,0.2,0.2125,0.225,0.2375,0.25,0.2625,0.275,0.2875,0.3,0.3125,0.325,0.3375,0.35,0.3625,0.375,0.3875,0.4,0.4125,0.425,0.4375,0.45,0.4625,0.475,0.4875,0.5,0.5125,0.525,0.5375,0.55,0.5625,0.575,0.5875,0.6,0.6125,0.625,0.6375,0.65,0.6625,0.675,0.6875,0.7,0.7125,0.725,0.7375,0.75,0.7625,0.775,0.7875,0.8,0.8125,0.825,0.8375,0.85,0.8625,0.875,0.8875,0.9,0.9125,0.925,0.9375,0.95,0.9625,0.975,0.9875,1,1.0125,1.025,1.0375,1.05,1.0625,1.075,1.0875,1.1,1.1125,1.125,1.1375,1.15,1.1625,1.175,1.1875,1.2,1.2125,1.225,1.2375,1.25,1.2625,1.275,1.2875,1.3,1.3125,1.325,1.3375,1.35,1.3625,1.375,1.3875,1.4,1.4125,1.425,1.4375,1.45,1.4625,1.475,1.4875,1.5,1.5125,1.525,1.5375,1.55,1.5625,1.575,1.5875,1.6,1.6125,1.625,1.6375,1.65,1.6625,1.675,1.6875,1.7,1.7125,1.725,1.7375,1.75,1.7625,1.775,1.7875,1.8,1.8125,1.825,1.8375,1.85,1.8625,1.875,1.8875,1.9,1.9125,1.925,1.9375,1.95,1.9625,1.975,1.9875,2,2.0125,2.025,2.0375,2.05,2.0625,2.075,2.0875,2.1,2.1125,2.125,2.1375,2.15,2.1625,2.175,2.1875,2.2,2.2125,2.225,2.2375,2.25,2.2625,2.275,2.2875,2.3,2.3125,2.325,2.3375,2.35,2.3625,2.375,2.3875,2.4,2.4125,2.425,2.4375,2.45,2.4625,2.475,2.4875,2.5,2.5125,2.525,2.5375,2.55,2.5625,2.575,2.5875,2.6,2.6125,2.625,2.6375,2.65,2.6625,2.675,2.6875,2.7,2.7125,2.725,2.7375,2.75,2.7625,2.775,2.7875,2.8,2.8125,2.825,2.8375,2.85,2.8625,2.875,2.8875,2.9,2.9125,2.925,2.9375,2.95,2.9625,2.975,2.9875,3],
    "y":[99.80946690899111,99.81485525874442,99.81252268389848,99.80587128051677,99.8012927111139,99.80004493636007,99.80309052535107,99.80723110035056,99.81254305573117,99.82348272989955,99.82612597519442,99.81257870643844,99.80882519626056,99.84409393164971,99.83259403208167,99.8310610516698,99.83245652221085,99.84273411181594,99.83780412829873,99.84278504139773,99.85867507091602,99.85569569038134,99.8725381030791,99.84978785889376,99.8459630473014,99.85663788764445,99.87601659351533,99.83425942940617,99.8134292304543,99.8228868537926,99.81833884213881,99.82312112986884,99.84121641027862,99.85242601123045,99.84045246655178,99.85872600049781,99.88616685916595,99.85234961685778,99.85371452964972,99.86708354486944,99.85522713822888,99.87322055947509,99.84049830317538,99.841027970826,99.84818867002559,99.84920216870319,99.88156791793037,99.90124710833379,99.90440983536291,99.9310409136806,99.92399225956093,99.84391058515527,99.82559121458563,99.84280032027227,99.80839738777352,99.81021557384341,99.81325606987623,99.82773534997897,99.864822271438,99.88236241940628,99.8955124374243,99.92840785430208,99.88624834649681,99.86945177042266,99.8680155562162,99.87465677368154,99.86636543776622,99.85782963985834,99.83642393663224,99.83327648847764,99.83134625732782,99.8200144253797,99.81690772089054,99.81922501686195,99.82005516904512,99.8260597667381,99.80348777608903,99.81250231206576,99.81686697722509,99.83397422374816,99.82923777264176,99.84290217943585,99.85086247306953,99.8451379880764,99.85546141430511,99.85669391018442,99.86994069440784,99.87254319603728,99.82888126556922,99.81433068405198,99.80721582147602,99.8053568917407,99.80923263291487,99.80805615957553,99.800640812467,99.81844070130239,99.80476610859195,99.7903835946946,99.80711396231243,99.79762578122507,99.8051582663717,99.81518630102606,99.81782445336275,99.817376273043,99.81041929217056,99.81824207593343,99.82795944013883,99.8404932102172,99.84955358281753,99.84164931172383,99.84391567811346,99.89939327155666,99.86066641756399,99.83925052842156,99.83579750277623,99.83600122110339,99.84386474853167,99.85106619139668,99.85217136332152,99.87427480181812,99.87808433453597,99.83793654521138,99.82034037470314,99.82236737205835,99.82034037470314,99.8224335805147,99.82652831889055,99.8274857950282,99.8290544261473,99.84707840514258,99.87328167497323,99.85827782017806,99.8524922196868,99.84665568961373,99.84272901885775,99.84420088377148,99.8477048389986,99.85272140280483,99.84623806704306,99.85907232165398,99.8591385301103,99.8735770665476,99.8819957264174,99.91081168379384,99.91308314314165,99.88561172672445,99.81976487042891,99.7693955140392,99.83147358128231,99.81115267814835,99.80386465499427,99.82604448786356,99.81615905603823,99.82359986793766,99.84793402211663,99.85564985375774,99.9064928552581,99.8972542291215,99.85887878924319,99.84652836565925,99.82161870720606,99.8490799377069,99.86965039579164,99.91003755415065,99.90050353643967,99.88650808736394,99.88452692663233,99.93248731380342,99.92266299747624,99.86606495323367,99.86405323475299,99.88186330950475,99.90231662955136,99.9304348516573,99.93383185476266,99.91067926688119,99.9065386918817,99.8867576423147,99.88169014892667,99.92702766263558,99.99339400066536,99.97470284414864,99.94014712290455,99.94110969200037,99.93143307146036,99.86024879499332,99.838124984664,99.84055941867354,99.83137681507691,99.80068155613243,99.81842032946969,99.79611826560411,99.80586618755859,99.84304987522303,99.8056930269805,99.83436638152794,99.84477129508751,99.85613368478474,99.8595765245137,99.81572106163485,99.82133859450622,99.82578474699643,99.82964520929606,99.84136919902399,99.83254310249988,99.81658686452526,99.79993289128014,99.80230620979151,99.81976996338709,99.81714199696677,99.8262736709816,99.83189629681115,99.83635772817591,99.85192690132894,99.84235213995251,99.80391558457605,99.77596033713185,99.79597566277508,99.79469733027217,99.7832534532441,99.79335278931293,99.77303188617896,99.77883785850294,99.78502580269037,99.79010857495295,99.81273658814199,99.80808671732461,99.82688482596306,99.85207969007429,99.87779403591976,99.89361276402356,99.88752667899972,99.85591978054121,99.85489609594724,99.87653607524956,99.84286143577042,99.85647491298272,99.85262463659946,99.88868787346453,99.90817353145715],
    "type":"scatter","mode":"lines+points","name":"FreeLIFE","marker":{"color":"green"}
}