{
    "x":[0.0125,0.025,0.0375,0.05,0.0625,0.075,0.0875,0.1,0.1125,0.125,0.1375,0.15,0.1625,0.175,0.1875,0.2,0.2125,0.225,0.2375,0.25,0.2625,0.275,0.2875,0.3,0.3125,0.325,0.3375,0.35,0.3625,0.375,0.3875,0.4,0.4125,0.425,0.4375,0.45,0.4625,0.475,0.4875,0.5,0.5125,0.525,0.5375,0.55,0.5625,0.575,0.5875,0.6,0.6125,0.625,0.6375,0.65,0.6625,0.675,0.6875,0.7,0.7125,0.725,0.7375,0.75,0.7625,0.775,0.7875,0.8,0.8125,0.825,0.8375,0.85,0.8625,0.875,0.8875,0.9,0.9125,0.925,0.9375,0.95,0.9625,0.975,0.9875,1,1.0125,1.025,1.0375,1.05,1.0625,1.075,1.0875,1.1,1.1125,1.125,1.1375,1.15,1.1625,1.175,1.1875,1.2,1.2125,1.225,1.2375,1.25,1.2625,1.275,1.2875,1.3,1.3125,1.325,1.3375,1.35,1.3625,1.375,1.3875,1.4,1.4125,1.425,1.4375,1.45,1.4625,1.475,1.4875,1.5,1.5125,1.525,1.5375,1.55,1.5625,1.575,1.5875,1.6,1.6125,1.625,1.6375,1.65,1.6625,1.675,1.6875,1.7,1.7125,1.725,1.7375,1.75,1.7625,1.775,1.7875,1.8,1.8125,1.825,1.8375,1.85,1.8625,1.875,1.8875,1.9,1.9125,1.925,1.9375,1.95,1.9625,1.975,1.9875,2,2.0125,2.025,2.0375,2.05,2.0625,2.075,2.0875,2.1,2.1125,2.125,2.1375,2.15,2.1625,2.175,2.1875,2.2,2.2125,2.225,2.2375,2.25,2.2625,2.275,2.2875,2.3,2.3125,2.325,2.3375,2.35,2.3625,2.375,2.3875,2.4,2.4125,2.425,2.4375,2.45,2.4625,2.475,2.4875,2.5,2.5125,2.525,2.5375,2.55,2.5625,2.575,2.5875,2.6,2.6125,2.625,2.6375,2.65,2.6625,2.675,2.6875,2.7,2.7125,2.725,2.7375,2.75,2.7625,2.775,2.7875,2.8,2.8125,2.825,2.8375,2.85,2.8625,2.875,2.8875,2.9,2.9125,2.925,2.9375,2.95,2.9625,2.975,2.9875,3],"y":[0.99958205,0.99951912,0.99941663,0.99927343,0.99911184,0.99895887,0.99883122,0.99872894,0.9986566,0.99862964,0.99859695,0.99851376,0.99845087,0.99857849,0.99869827,0.998762,0.99878697,0.99881865,0.99874959,0.99868648,0.99868018,0.99857809,0.99856804,0.9984438,0.99832085,0.99826501,0.99811998,0.99813546,0.99827655,0.99834675,0.99834424,0.99833617,0.99838197,0.99847039,0.99843114,0.99839273,0.99836733,0.9981514,0.99793218,0.99763536,0.99733418,0.99630972,0.99588966,0.99570209,0.99504988,0.99421576,0.99353297,0.99265491,0.99157657,0.99048866,0.98917888,0.98753882,0.98572946,0.98380491,0.98155169,0.97929549,0.97696281,0.97459159,0.97213222,0.96950903,0.96667671,0.96378942,0.96050327,0.95708063,0.95374651,0.95008021,0.9466644,0.94342367,0.9402296,0.93679077,0.93315462,0.929324,0.92552046,0.92173597,0.91790477,0.91394562,0.91016262,0.90628305,0.902202,0.89804067,0.89385135,0.88960691,0.88549813,0.88121525,0.87699224,0.87278458,0.86872542,0.86440559,0.8603399,0.85657721,0.85288978,0.84924456,0.84558469,0.8418725,0.83822596,0.834512,0.83093542,0.82738272,0.8240277,0.82051707,0.81721213,0.81377828,0.81036983,0.80690351,0.80349639,0.80014928,0.79686571,0.79362698,0.79027799,0.78687344,0.78345064,0.77978148,0.7763763,0.77277921,0.76931235,0.76580781,0.76226711,0.75868977,0.75513062,0.75141004,0.74774224,0.74445886,0.7412708,0.7383943,0.73558985,0.73285803,0.73021475,0.72755003,0.72467539,0.72241399,0.7201927,0.71758177,0.71470629,0.71175855,0.70904391,0.70603834,0.70301887,0.69999057,0.69693951,0.69403357,0.69119991,0.68843948,0.68580414,0.68291798,0.68070029,0.6779137,0.67517864,0.67297249,0.67156457,0.67044626,0.66877437,0.6669457,0.66529143,0.6633048,0.66077057,0.65853936,0.65585975,0.65463252,0.65218749,0.64723483,0.64567095,0.64172888,0.6399602,0.63678933,0.63404137,0.63166589,0.62875561,0.62485192,0.62109651,0.61935426,0.6171519,0.61423243,0.60979642,0.60434192,0.60088522,0.59996796,0.59847078,0.5961734,0.58990211,0.58452899,0.58331103,0.58249503,0.58033871,0.5749253,0.56678252,0.56439036,0.56362364,0.56239019,0.5622412,0.55201206,0.54363752,0.5422237,0.54168175,0.54087317,0.54042001,0.53977476,0.53869688,0.53459751,0.52910407,0.52730508,0.52617796,0.52505645,0.52292062,0.52042352,0.51735765,0.51415625,0.51109996,0.50813221,0.50546757,0.50344045,0.50147654,0.49944244,0.49743502,0.49528677,0.49305885,0.49238238,0.49156869,0.49021366,0.48688347,0.48679363,0.48917613,0.49103537,0.49233868,0.4934891,0.49467066,0.49577566,0.49622141,0.49647272,0.49624965,0.49558883,0.49612764,0.49678164,0.49735641,0.49685122,0.49649697,0.49596107,0.49547014,0.49487127,0.49428538,0.49325431],"type":"scatter","mode":"lines+points","name":"FreeLIFE","marker":{"color":"green"}
}