{
    "x":[0.0125,0.025,0.0375,0.05,0.0625,0.075,0.0875,0.1,0.1125,0.125,0.1375,0.15,0.1625,0.175,0.1875,0.2,0.2125,0.225,0.2375,0.25,0.2625,0.275,0.2875,0.3,0.3125,0.325,0.3375,0.35,0.3625,0.375,0.3875,0.4,0.4125,0.425,0.4375,0.45,0.4625,0.475,0.4875,0.5,0.5125,0.525,0.5375,0.55,0.5625,0.575,0.5875,0.6,0.6125,0.625,0.6375,0.65,0.6625,0.675,0.6875,0.7,0.7125,0.725,0.7375,0.75,0.7625,0.775,0.7875,0.8,0.8125,0.825,0.8375,0.85,0.8625,0.875,0.8875,0.9,0.9125,0.925,0.9375,0.95,0.9625,0.975,0.9875,1,1.0125,1.025,1.0375,1.05,1.0625,1.075,1.0875,1.1,1.1125,1.125,1.1375,1.15,1.1625,1.175,1.1875,1.2,1.2125,1.225,1.2375,1.25,1.2625,1.275,1.2875,1.3,1.3125,1.325,1.3375,1.35,1.3625,1.375,1.3875,1.4,1.4125,1.425,1.4375,1.45,1.4625,1.475,1.4875,1.5,1.5125,1.525,1.5375,1.55,1.5625,1.575,1.5875,1.6,1.6125,1.625,1.6375,1.65,1.6625,1.675,1.6875,1.7,1.7125,1.725,1.7375,1.75,1.7625,1.775,1.7875,1.8,1.8125,1.825,1.8375,1.85,1.8625,1.875,1.8875,1.9,1.9125,1.925,1.9375,1.95,1.9625,1.975,1.9875,2,2.0125,2.025,2.0375,2.05,2.0625,2.075,2.0875,2.1,2.1125,2.125,2.1375,2.15,2.1625,2.175,2.1875,2.2,2.2125,2.225,2.2375,2.25,2.2625,2.275,2.2875,2.3,2.3125,2.325,2.3375,2.35,2.3625,2.375,2.3875,2.4,2.4125,2.425,2.4375,2.45,2.4625,2.475,2.4875,2.5,2.5125,2.525,2.5375,2.55,2.5625,2.575,2.5875,2.6,2.6125,2.625,2.6375,2.65,2.6625,2.675,2.6875,2.7,2.7125,2.725,2.7375,2.75,2.7625,2.775,2.7875,2.8,2.8125,2.825,2.8375,2.85,2.8625,2.875,2.8875,2.9,2.9125,2.925,2.9375,2.95,2.9625,2.975,2.9875,3],
    "y":[99.76242834725039,99.70960927797663,99.69088756371082,99.6862275069771,99.68760260568541,99.69023057210575,99.69172280885218,99.69248165962084,99.69137139473781,99.69323541743132,99.70061511383261,99.69609765992787,99.69772231358697,99.69946919824234,99.70151656743028,99.70448066909043,99.71104549218308,99.70604420725135,99.70870273142076,99.71610279965476,99.712950258542,99.71902106469129,99.72014151549067,99.72101241133926,99.72493398913704,99.72362509888505,99.7236403777596,99.725957673731,99.73206413058756,99.72703738086494,99.71839972379345,99.71368873747794,99.70900321595332,99.70638543544933,99.6972537614345,99.69782926570872,99.69145288206869,99.68843785082674,99.69411649919628,99.70046232508723,99.68627843655888,99.68190358548318,99.68721554086382,99.6845773885271,99.69059726509462,99.6823568587611,99.68607471823172,99.69230340608458,99.68950227908616,99.70646182982202,99.70061511383261,99.7011702462741,99.70966530051658,99.71639819122913,99.72287643403276,99.72894214722386,99.72685403437052,99.72114482825191,99.72610027656003,99.72295282840543,99.72744991047745,99.7147378868628,99.71203352606979,99.70923749202956,99.70589651146416,99.71552220242236,99.7216795888607,99.73705522960292,99.71782421951923,99.71376513185064,99.73536436748752,99.74165417083852,99.73710106622653,99.73536436748752,99.73129509390255,99.73411149977551,99.75255310134145,99.77318467492434,99.75552738891794,99.7659119306448,99.75680062846268,99.74415481330436,99.73891415933824,99.73735062117728,99.74168472858759,99.68832580574681,99.68616639147896,99.7074804214578,99.72579469906928,99.74871301087452,99.75781412714028,99.76242834725039,99.76424144036211,99.76588646585391,99.73792612545152,99.72896251905658,99.73282807431441,99.7334850659195,99.72441960036097,99.71095891189404,99.7111830020539,99.59838925726491,99.61746238564503,99.64461803865515,99.69831818969391,99.70370144648905,99.72112445641919,99.72822404012065,99.73185022634405,99.72101750429744,99.67848111758693,99.69670881490936,99.71884790411322,99.72768927951185,99.75125439700581,99.69436096118886,99.6855756083302,99.70331947462562,99.73882248609101,99.76648234196084,99.77746275979463,99.78852975791747,99.79242077796619,99.78486792098681,99.75632698335203,99.67509939335612,99.69187050463935,99.72937504866908,99.75184008719638,99.75872067369613,99.76009067944626,99.76315664026998,99.75003718000104,99.70294259572037,99.7315242770206,99.75593991853044,99.77990228676235,99.81160595142626,99.83608270843425,99.78978771858768,99.77691272031132,99.75967814983377,99.75785487080572,99.75661218901007,99.76255567120488,99.75639319180837,99.73542039002749,99.66515284603264,99.63132541780813,99.67145792825816,99.75824193562731,99.76212276975967,99.78453687870518,99.79959675604032,99.80040653639077,99.79952545462581,99.74110413135517,99.72851943169503,99.76999648310431,99.79633726280579,99.78561149288096,99.78281036588253,99.76575914189942,99.75845583987083,99.70082392511793,99.65613321709773,99.66955316189924,99.71659172363995,99.74445020487875,99.74647720223396,99.75741178344414,99.74996587858654,99.75404024512969,99.77061782400214,99.71755429273576,99.73397908286285,99.76945662953734,99.78195474890846,99.77738636542195,99.77346988058234,99.76447062348016,99.77276705235366,99.7370144859375,99.686054346399,99.68778595217985,99.72394595525033,99.75187064494546,99.74041148904284,99.74192409762199,99.74367098227737,99.74265239064158,99.75170257732556,99.72734295835568,99.7067572213964,99.73593987176173,99.7653313334124,99.76844822381791,99.7716466015543,99.77075533387297,99.76393586287136,99.7712086071509,99.7285245246532,99.73228312778926,99.72640076109258,99.72599841739644,99.75215585060349,99.75332723098464,99.75303693236845,99.75312351265748,99.74778099952776,99.74128747784962,99.75124930404763,99.72360982001052,99.70338568308195,99.73010334168868,99.74604430078875,99.7482597375966,99.76011614423716,99.76435348544204,99.76057451047326,99.75498753535096,99.76563181794496,99.71075010060869,99.72984869377972,99.75412173246056,99.75607742840127,99.76028421185707,99.75929108501217,99.76086480908947,99.75612326502487,99.75496207056007,99.74453169220962,99.75602649881948,99.70732253975426,99.72702719494859,99.7444145541715,99.73985635660134,99.74623274024137,99.75985640337005,99.7572284369497],
    "type":"scatter","mode":"lines+points","name":"FreeLIFE","marker":{"color":"green"}
}